,country,membercounts
country,US,928
membercounts,DE,286
2,GB,154
3,CA,85
4,FR,80
5,CH,59
6,ES,56
7,AU,56
8,SE,54
9,NL,49
10,IN,46
11,CZ,40
12,JP,36
13,BE,36
14,IT,35
15,NZ,35
16,AT,32
17,PL,31
18,RU,30
19,BY,27
20,CN,23
21,BR,22
22,UA,21
23,FI,20
24,DK,17
25,NO,17
26,ZA,16
27,PT,15
28,RO,13
29,SI,11
30,SG,9
31,VE,9
32,IL,8
33,TR,8
34,AR,8
35,HK,8
36,BG,7
37,KR,7
38,GR,7
39,IE,5
40,MX,5
41,SK,5
42,UY,5
43,TW,4
44,ID,4
45,HU,4
46,LU,4
47,BD,3
48,HR,3
49,CL,3
50,EE,3
51,LT,3
52,PK,3
53,TN,2
54,PH,2
55,CR,2
56,KE,2
57,GE,2
58,LV,2
59,DZ,2
60,TH,2
61,ZW,1
62,AE,1
63,CO,1
64,EC,1
65,AQ,1
66,NP,1
67,MK,1
68,GT,1
69,BB,1
70,JE,1
71,PA,1
72,GH,1
73,MY,1
74,RS,1
75,VN,1
